Project;ncommits;nauthors;from;to;nstars;nforks;lastGHCommitDate;LongestGapStart;LongestGapEnd;LongestGapLength;NumCommitsAfterLastGap;ActivityPattern;NumberOfGapsInTimeline
antonyuryev_elsevierapi;733;3;1612075170;1761401938;N/A;N/A;N/A (repo deleted);2024-05;2024-07;3;118;declining;1
bc_retina;385;15;1404436477;1737352527;14;3;2025-01-20;2021-03;2024-12;46;5;declining;6
caseywdunn_siphonophore_phylogeny_2017;437;15;1486818735;1729000738;2;1;2024-10-15;2019-08;2023-01;42;2;declining;3
giaf_hpipm;1599;38;1494577210;1758727035;708;144;2026-09-18;2022-12;2023-04;5;220;U-shaped;2
iic-jku_ddsim;3226;47;1579629930;1762132127;162;41;2026-09-28;2020-05;2020-05;1;3180;steady;0
malbecc_lio;3272;62;1191007375;1757531069;29;18;2024-01-22;2011-10;2013-06;21;2836;irregular;7
neurodatawithoutborders_matnwb;3612;42;1504116424;1761668690;62;35;2026-09-27;2017-12;2018-01;2;3575;rising;0
prjemian_spec2nexus;1375;15;1392766189;1757329741;3;7;2026-07-20;2024-05;2025-04;12;33;irregular;9
spirit-code_spirit;3001;56;1467800336;1760450890;144;60;2023-03-17;2023-01;2023-01;1;771;U-shaped;0
stanfordnlp_glove;263;63;1441128078;1755526942;7230;1545;2025-07-27;2023-10;2024-10;13;22;declining;11
