Month;#Commits
2021-01;21
2021-02;34
2021-03;38
2021-04;35
2021-05;39
2021-06;61
2021-07;18
2021-08;0
2021-09;6
2021-10;56
2021-11;5
2021-12;11
2022-01;15
2022-02;32
2022-03;20
2022-04;30
2022-05;12
2022-06;26
2022-07;22
2022-08;5
2022-09;0
2022-10;22
2022-11;6
2022-12;10
2023-01;18
2023-02;0
2023-03;5
2023-04;0
2023-05;3
2023-06;7
2023-07;7
2023-08;5
2023-09;0
2023-10;28
2023-11;3
2023-12;3
2024-01;4
2024-02;0
2024-03;0
2024-04;8
2024-05;0
2024-06;0
2024-07;0
2024-08;7
2024-09;5
2024-10;35
2024-11;8
2024-12;10
2025-01;4
2025-02;0
2025-03;4
2025-04;9
2025-05;0
2025-06;8
2025-07;5
2025-08;0
2025-09;12
2025-10;11
